{"val/dfl_loss":0.96397,"_step":10,"_runtime":1170.862200938,"train/cls_loss":2.45168,"_timestamp":1.7293612869529212e+09,"metrics/precision(B)":0.51001,"model/speed_PyTorch(ms)":5.932,"val/cls_loss":1.62528,"metrics/recall(B)":0.62939,"lr/pg1":0.000234099,"lr/pg2":0.000234099,"train/box_loss":0.64665,"train_batch1":{"path":"media/images/train_batch1_1_b8077402e955ac14374c.jpg","format":"jpg","width":1920,"height":1920,"_type":"image-file","sha256":"b8077402e955ac14374c555805bd4ca1c2aa5ff204e683ce1d027a139d38334e","size":404369},"_wandb":{"runtime":1170},"lr/pg0":0.000234099,"labels":{"size":277590,"path":"media/images/labels_1_6b82788a3f7c3d21ec57.jpg","format":"jpg","width":1600,"height":1600,"_type":"image-file","sha256":"6b82788a3f7c3d21ec5781f9ade0ad19b06cbe479191c4bea26344f0340db998"},"metrics/mAP50(B)":0.67806,"metrics/mAP50-95(B)":0.62354,"val/box_loss":0.43659,"train/dfl_loss":1.1202,"train_batch2":{"path":"media/images/train_batch2_1_5d19974d119ed2bf5f69.jpg","format":"jpg","width":1920,"height":1920,"_type":"image-file","sha256":"5d19974d119ed2bf5f69da43e548d3f1db7df984d6c0fa708ef77b9b85511eb4","size":436354},"model/GFLOPs":6.467,"train_batch0":{"_type":"image-file","sha256":"8e04d7ee9f34db2405d69ceba9e8811006fa65ebb72fcee5b356bdcac3ecd6e1","size":459741,"path":"media/images/train_batch0_1_8e04d7ee9f34db2405d6.jpg","format":"jpg","width":1920,"height":1920},"model/parameters":2594910}